<project xmlns="http://maven.apache.org/POM/4.0.0" xmlns:xsi="http://www.w3.org/2001/XMLSchema-instance" xsi:schemaLocation="http://maven.apache.org/POM/4.0.0 http://maven.apache.org/xsd/maven-4.0.0.xsd">
  <modelVersion>4.0.0</modelVersion>
  <groupId>com.restfuse</groupId>
  <artifactId>com.eclipsesource.restfuse</artifactId>
  <version>1.0.0</version>
  <name>restfuse</name>
  <packaging>jar</packaging>
  <organization>
    <name>EclipseSource</name>
    <url>http://eclipsesource.com/</url>
  </organization>
  <description>An open-source JUnit extension for automated HTTP/REST Tests</description>
  <url>http://restfuse.com</url>
  <scm>
    <url>git://github.com/eclipsesource/restfuse.git</url>
    <connection>scm:git:git://github.com/eclipsesource/restfuse.git</connection>
  </scm>
  <issueManagement>
    <system>GitHub Issues</system>
    <url>https://github.com/eclipsesource/restfuse/issues</url>
  </issueManagement>
  <licenses>
    <license>
      <name>Eclipse Public License - v 1.0</name>
      <url>http://www.eclipse.org/org/documents/epl-v10.html</url>
    </license>
  </licenses>
  <dependencies>
    <dependency>
      <groupId>junit</groupId>
      <artifactId>junit</artifactId>
      <version>4.8.2</version>
    </dependency>
		<dependency>
			<groupId>org.mortbay.jetty</groupId>
			<artifactId>jetty-j2se6</artifactId>
			<version>6.1.26</version>
		</dependency>
		<dependency>
			<groupId>com.sun.jersey</groupId>
			<artifactId>jersey-bundle</artifactId>
			<version>1.9.1</version>
		</dependency>
  </dependencies>
  <developers>
    <developer>
      <name>Holger Staudacher</name>
      <organization>EclipseSource</organization>
    </developer>
  </developers>
</project>